id,age
643c0a96dfc847985ac60dc0,1
643c0a9640362cf4140b71a0,2
643c0a961215e982edfab4a6,3
643c0a9666c3be09a0348e8f,4
643c0a96aab01ddea136aa5c,5
643c0a96fede9107a90229ef,6
643c0a968c9df13b683c6d0d,7
643c0a964029c1c4c901c501,8
643c0a96b1182b42792e3128,9
643c0a96a140dcd439563527,10
643c0a962d629665b21f02ee,11
643c0a96cbf06567abc46386,12
643c0a961c515b78e8a779a5,13
643c0a96c087aa239a1c4176,14
643c0a96d7532e3badb344f7,15
643c0a9681ddd19b3dbe38cf,16
643c0a962c202ec588f28468,17
643c0a96981f45b366b83a4c,18
643c0a96252a9885580be6d2,19
643c0a967e04530841a18873,20
643c0a96607aa666ef183cb9,21
