_id,race_number
643c0a96eaa84b3a91ac9339,823
643c0a96f6aaf5333cccefd2,702
643c0a9602b0dbe7d0a5d012,169
643c0a96a8ed61e8abac2104,919
643c0a960eda7c9dceb3a86d,798
643c0a9655027c9beb0e56e0,763
643c0a9611d429ff6201ez00,295
643c0a964cb1ba236d8df3da,935
643c0a96c188e32ff1c1e476,539
643c0a96d25a0ef6ae74069b,923
643c0a96ea43d6ebdc063ade,686
643c0a968408215b7f9c9eff,516
643c0a964d6258b67557d331,269
643c0a9685e3f3c84d1ff028,720
643c0a96b463b04b634e402c,304
643c0a96bb91b3893620bb39,380
643c0a9615b1b23ff7b03c39,706
643c0a9651d6310329f58018,167
643c0a96b71e36343f366690,589
643c0a96e30e8aebb3d4113e,702
643c0a963cedcd8833ee3738,255
643c0a96eae2dd71703ac031,616
643c0a966b4042ba564e3f63,786
643c0a96a46f73420692f02e,127
643c0a961d67f65dece49aad,554
643c0a96b2685762ad951fa8,575
643c0a96d70b4391f2d0f687,980
643c0a961858096f222a49d3,465
643c0a9610e9da57340f2f29,720
