race_id,passenger_id
643c0a96e30e8aebb3d4113e,643c0a96dfc847985ac60dc0
643c0a964d6258b67557d331,643c0a9640362cf4140b71a0
643c0a961d67f65dece49aad,643c0a961215e982edfab4a6
643c0a9611d429ff6201ed75,643c0a9666c3be09a0348e8f
643c0a966b4042ba564e3f63,643c0a96aab01ddea136aa5c
643c0a966b4042ba564e3f63,643c0a96fede9107a90229ef
643c0a966b4042ba564e3f63,643c0a968c9df13b683c6d0d
643c0a96b2685762ad951fa8,643c0a964029c1c4c901c501
643c0a963cedcd8833ee3738,643c0a96b1182b42792e3128
643c0a96bb91b3893620bb39,643c0a96a140dcd439563527
643c0a96bb91b3893620bb39,643c0a962d629665b21f02ee
643c0a961858096f222a49d3,643c0a96cbf06567abc46386
643c0a96d25a0ef6ae74069b,643c0a961c515b78e8a779a5
643c0a960eda7c9dceb3a86d,643c0a96c087aa239a1c4176
643c0a9602b0dbe7d0a5d012,643c0a96d7532e3badb344f7
643c0a961858096f222a49d3,643c0a9681ddd19b3dbe38cf
643c0a96b71e36343f366690,643c0a962c202ec588f28468
643c0a964d6258b67557d331,643c0a96981f45b366b83a4c
643c0a96eaa84b3a91ac9339,643c0a96252a9885580be6d2
643c0a96bb91b3893620bb39,643c0a967e04530841a18873
643c0a96b463b04b634e402c,643c0a96607aa666ef183cb9
